Game,Map,Rank,Team,Placement,Placement Points,Elims,Total Points
1,Rondo,1,S2G Esports,11,0,2,2
1,Rondo,2,Nongshim Redforce,9,0,9,9
1,Rondo,3,Aurora Gaming,2,6,17,23
1,Rondo,4,eArena,5,3,7,10
1,Rondo,5,Tianba,12,0,16,16
1,Rondo,6,4thrives Esports,16,0,2,2
1,Rondo,7,Team Flash,7,1,4,5
1,Rondo,8,E Horaa Esports,10,0,6,6
1,Rondo,9,Nigma Galaxy,1,10,13,23
1,Rondo,10,FURIA Esports,3,5,2,7
1,Rondo,11,ULF Esports,15,0,4,4
1,Rondo,12,Team Vitality,13,0,3,3
1,Rondo,13,Godlike Esports,8,1,3,4
1,Rondo,14,AlUla Club Esports,4,4,7,11
1,Rondo,15,Orangutan,6,2,0,2
1,Rondo,16,IDA Esports,14,0,1,1
2,Erangel,1,S2G Esports,1,10,9,19
2,Erangel,2,Nongshim Redforce,8,1,9,10
2,Erangel,3,Aurora Gaming,15,0,1,1
2,Erangel,4,eArena,13,0,7,7
2,Erangel,5,Tianba,14,0,2,2
2,Erangel,6,4thrives Esports,4,4,8,12
2,Erangel,7,Team Flash,2,6,6,12
2,Erangel,8,E Horaa Esports,3,5,5,10
2,Erangel,9,Nigma Galaxy,5,3,0,3
2,Erangel,10,FURIA Esports,12,0,0,0
2,Erangel,11,ULF Esports,9,0,2,2
2,Erangel,12,Team Vitality,6,2,6,8
2,Erangel,13,Godlike Esports,11,0,4,4
2,Erangel,14,AlUla Club Esports,7,1,3,4
2,Erangel,15,Orangutan,16,0,1,1
2,Erangel,16,IDA Esports,10,0,0,0
3,Erangel,1,S2G Esports,14,0,2,2
3,Erangel,2,Nongshim Redforce,11,0,1,1
3,Erangel,3,Aurora Gaming,3,5,7,12
3,Erangel,4,eArena,1,10,9,19
3,Erangel,5,Tianba,4,4,9,13
3,Erangel,6,4thrives Esports,10,0,3,3
3,Erangel,7,Team Flash,6,2,4,6
3,Erangel,8,E Horaa Esports,8,1,2,3
3,Erangel,9,Nigma Galaxy,15,0,4,4
3,Erangel,10,FURIA Esports,2,6,8,14
3,Erangel,11,ULF Esports,7,1,4,5
3,Erangel,12,Team Vitality,5,3,4,7
3,Erangel,13,Godlike Esports,13,0,0,0
3,Erangel,14,AlUla Club Esports,12,0,0,0
3,Erangel,15,Orangutan,9,0,2,2
3,Erangel,16,IDA Esports,16,0,1,1
4,Erangel,1,S2G Esports,13,0,0,0
4,Erangel,2,Nongshim Redforce,12,0,1,1
4,Erangel,3,Aurora Gaming,10,0,0,0
4,Erangel,4,eArena,7,1,11,12
4,Erangel,5,Tianba,4,4,10,14
4,Erangel,6,4thrives Esports,9,0,8,8
4,Erangel,7,Team Flash,11,0,2,2
4,Erangel,8,E Horaa Esports,14,0,0,0
4,Erangel,9,Nigma Galaxy,3,5,9,14
4,Erangel,10,FURIA Esports,8,1,0,1
4,Erangel,11,ULF Esports,1,10,10,20
4,Erangel,12,Team Vitality,2,6,4,10
4,Erangel,13,Godlike Esports,6,2,3,5
4,Erangel,14,AlUla Club Esports,15,0,0,0
4,Erangel,15,Orangutan,5,3,2,5
4,Erangel,16,IDA Esports,16,0,0,0
5,Miramar,1,S2G Esports,12,0,0,0
5,Miramar,2,Nongshim Redforce,9,0,7,7
5,Miramar,3,Aurora Gaming,14,0,0,0
5,Miramar,4,eArena,1,10,10,20
5,Miramar,5,Tianba,11,0,1,1
5,Miramar,6,4thrives Esports,7,1,7,8
5,Miramar,7,Team Flash,5,3,1,4
5,Miramar,8,E Horaa Esports,6,2,5,7
5,Miramar,9,Nigma Galaxy,2,6,9,15
5,Miramar,10,FURIA Esports,15,0,1,1
5,Miramar,11,ULF Esports,3,5,9,14
5,Miramar,12,Team Vitality,10,0,4,4
5,Miramar,13,Godlike Esports,8,1,5,6
5,Miramar,14,AlUla Club Esports,16,0,0,0
5,Miramar,15,Orangutan,13,0,0,0
5,Miramar,16,IDA Esports,4,4,0,4
6,Miramar,1,S2G Esports,3,5,5,10
6,Miramar,2,Nongshim Redforce,10,0,3,3
6,Miramar,3,Aurora Gaming,4,4,0,4
6,Miramar,4,eArena,9,0,6,6
6,Miramar,5,Tianba,16,0,0,0
6,Miramar,6,4thrives Esports,14,0,0,0
6,Miramar,7,Team Flash,8,1,3,4
6,Miramar,8,E Horaa Esports,2,6,9,15
6,Miramar,9,Nigma Galaxy,11,0,2,2
6,Miramar,10,FURIA Esports,1,10,9,19
6,Miramar,11,ULF Esports,6,2,8,10
6,Miramar,12,Team Vitality,5,3,5,8
6,Miramar,13,Godlike Esports,12,0,0,0
6,Miramar,14,AlUla Club Esports,13,0,1,1
6,Miramar,15,Orangutan,7,1,7,8
6,Miramar,16,IDA Esports,15,0,2,2
7,Rondo,1,S2G Esports,16,0,3,3
7,Rondo,2,Nongshim Redforce,1,10,18,28
7,Rondo,3,Aurora Gaming,2,6,12,18
7,Rondo,4,eArena,9,0,2,2
7,Rondo,5,Tianba,12,0,3,3
7,Rondo,6,4thrives Esports,3,5,9,14
7,Rondo,7,Team Flash,11,0,5,5
7,Rondo,8,E Horaa Esports,5,3,3,6
7,Rondo,9,Nigma Galaxy,13,0,1,1
7,Rondo,10,FURIA Esports,4,4,14,18
7,Rondo,11,ULF Esports,7,1,9,10
7,Rondo,12,Team Vitality,15,0,3,3
7,Rondo,13,Godlike Esports,14,0,3,3
7,Rondo,14,AlUla Club Esports,8,1,2,3
7,Rondo,15,Orangutan,10,0,8,8
7,Rondo,16,IDA Esports,6,2,3,5
8,Erangel,1,S2G Esports,1,10,15,25
8,Erangel,2,Nongshim Redforce,9,0,5,5
8,Erangel,3,Aurora Gaming,15,0,0,0
8,Erangel,4,eArena,6,2,7,9
8,Erangel,5,Tianba,4,4,3,7
8,Erangel,6,4thrives Esports,5,3,10,13
8,Erangel,7,Team Flash,11,0,3,3
8,Erangel,8,E Horaa Esports,13,0,0,0
8,Erangel,9,Nigma Galaxy,14,0,0,0
8,Erangel,10,FURIA Esports,12,0,0,0
8,Erangel,11,ULF Esports,7,1,1,2
8,Erangel,12,Team Vitality,16,0,1,1
8,Erangel,13,Godlike Esports,8,1,4,5
8,Erangel,14,AlUla Club Esports,10,0,3,3
8,Erangel,15,Orangutan,3,5,3,8
8,Erangel,16,IDA Esports,2,6,6,12
9,Erangel,1,S2G Esports,2,6,7,13
9,Erangel,2,Nongshim Redforce,3,5,8,13
9,Erangel,3,Aurora Gaming,1,10,13,23
9,Erangel,4,eArena,9,0,5,5
9,Erangel,5,Tianba,6,2,4,6
9,Erangel,6,4thrives Esports,11,0,1,1
9,Erangel,7,Team Flash,4,4,3,7
9,Erangel,8,E Horaa Esports,16,0,1,1
9,Erangel,9,Nigma Galaxy,5,3,4,7
9,Erangel,10,FURIA Esports,7,1,0,1
9,Erangel,11,ULF Esports,10,0,1,1
9,Erangel,12,Team Vitality,12,0,0,0
9,Erangel,13,Godlike Esports,14,0,7,7
9,Erangel,14,AlUla Club Esports,8,1,4,5
9,Erangel,15,Orangutan,15,0,0,0
9,Erangel,16,IDA Esports,13,0,1,1
10,Erangel,1,S2G Esports,1,10,9,19
10,Erangel,2,Nongshim Redforce,5,3,2,5
10,Erangel,3,Aurora Gaming,2,6,13,19
10,Erangel,4,eArena,11,0,4,4
10,Erangel,5,Tianba,15,0,1,1
10,Erangel,6,4thrives Esports,3,5,6,11
10,Erangel,7,Team Flash,9,0,3,3
10,Erangel,8,E Horaa Esports,13,0,1,1
10,Erangel,9,Nigma Galaxy,7,1,10,11
10,Erangel,10,FURIA Esports,4,4,0,4
10,Erangel,11,ULF Esports,14,0,1,1
10,Erangel,12,Team Vitality,12,0,6,6
10,Erangel,13,Godlike Esports,10,0,3,3
10,Erangel,14,AlUla Club Esports,6,2,0,2
10,Erangel,15,Orangutan,16,0,0,0
10,Erangel,16,IDA Esports,8,1,0,1
11,Miramar,1,S2G Esports,8,1,1,2
11,Miramar,2,Nongshim Redforce,7,1,1,2
11,Miramar,3,Aurora Gaming,5,3,1,4
11,Miramar,4,eArena,10,0,4,4
11,Miramar,5,Tianba,6,2,5,7
11,Miramar,6,4thrives Esports,16,0,2,2
11,Miramar,7,Team Flash,4,4,5,9
11,Miramar,8,E Horaa Esports,15,0,3,3
11,Miramar,9,Nigma Galaxy,14,0,2,2
11,Miramar,10,FURIA Esports,13,0,2,2
11,Miramar,11,ULF Esports,3,5,7,12
11,Miramar,12,Team Vitality,9,0,3,3
11,Miramar,13,Godlike Esports,1,10,10,20
11,Miramar,14,AlUla Club Esports,12,0,0,0
11,Miramar,15,Orangutan,11,0,6,6
11,Miramar,16,IDA Esports,2,6,8,14
12,Miramar,1,S2G Esports,3,5,3,8
12,Miramar,2,Nongshim Redforce,1,10,11,21
12,Miramar,3,Aurora Gaming,16,0,0,0
12,Miramar,4,eArena,2,6,8,14
12,Miramar,5,Tianba,12,0,1,1
12,Miramar,6,4thrives Esports,14,0,3,3
12,Miramar,7,Team Flash,6,2,1,3
12,Miramar,8,E Horaa Esports,10,0,6,6
12,Miramar,9,Nigma Galaxy,5,3,4,7
12,Miramar,10,FURIA Esports,4,4,3,7
12,Miramar,11,ULF Esports,11,0,5,5
12,Miramar,12,Team Vitality,15,0,1,1
12,Miramar,13,Godlike Esports,9,0,0,0
12,Miramar,14,AlUla Club Esports,8,1,1,2
12,Miramar,15,Orangutan,13,0,5,5
12,Miramar,16,IDA Esports,7,1,6,7
13,Rondo,1,S2G Esports,8,1,5,6
13,Rondo,2,Nongshim Redforce,1,10,8,18
13,Rondo,3,Aurora Gaming,11,0,6,6
13,Rondo,4,eArena,6,2,8,10
13,Rondo,5,Tianba,12,0,0,0
13,Rondo,6,4thrives Esports,2,6,16,22
13,Rondo,7,Team Flash,7,1,3,4
13,Rondo,8,E Horaa Esports,13,0,0,0
13,Rondo,9,Nigma Galaxy,5,3,8,11
13,Rondo,10,FURIA Esports,16,0,4,4
13,Rondo,11,ULF Esports,9,0,3,3
13,Rondo,12,Team Vitality,14,0,2,2
13,Rondo,13,Godlike Esports,10,0,15,15
13,Rondo,14,AlUla Club Esports,3,5,12,17
13,Rondo,15,Orangutan,4,4,8,12
13,Rondo,16,IDA Esports,15,0,2,2
14,Erangel,1,S2G Esports,5,3,4,7
14,Erangel,2,Nongshim Redforce,6,2,3,5
14,Erangel,3,Aurora Gaming,7,1,2,3
14,Erangel,4,eArena,10,0,0,0
14,Erangel,5,Tianba,15,0,3,3
14,Erangel,6,4thrives Esports,13,0,0,0
14,Erangel,7,Team Flash,1,10,13,23
14,Erangel,8,E Horaa Esports,3,5,16,21
14,Erangel,9,Nigma Galaxy,12,0,0,0
14,Erangel,10,FURIA Esports,9,0,5,5
14,Erangel,11,ULF Esports,14,0,1,1
14,Erangel,12,Team Vitality,4,4,0,4
14,Erangel,13,Godlike Esports,11,0,1,1
14,Erangel,14,AlUla Club Esports,2,6,3,9
14,Erangel,15,Orangutan,8,1,8,9
14,Erangel,16,IDA Esports,16,0,2,2
15,Erangel,1,S2G Esports,5,3,13,16
15,Erangel,2,Nongshim Redforce,3,5,3,8
15,Erangel,3,Aurora Gaming,8,1,1,2
15,Erangel,4,eArena,12,0,1,1
15,Erangel,5,Tianba,1,10,16,26
15,Erangel,6,4thrives Esports,9,0,4,4
15,Erangel,7,Team Flash,6,2,0,2
15,Erangel,8,E Horaa Esports,2,6,8,14
15,Erangel,9,Nigma Galaxy,11,0,0,0
15,Erangel,10,FURIA Esports,4,4,6,10
15,Erangel,11,ULF Esports,13,0,4,4
15,Erangel,12,Team Vitality,10,0,3,3
15,Erangel,13,Godlike Esports,16,0,1,1
15,Erangel,14,AlUla Club Esports,14,0,0,0
15,Erangel,15,Orangutan,15,0,0,0
15,Erangel,16,IDA Esports,7,1,1,2
16,Erangel,1,S2G Esports,3,5,2,7
16,Erangel,2,Nongshim Redforce,13,0,4,4
16,Erangel,3,Aurora Gaming,1,10,15,25
16,Erangel,4,eArena,9,0,0,0
16,Erangel,5,Tianba,8,1,2,3
16,Erangel,6,4thrives Esports,10,0,2,2
16,Erangel,7,Team Flash,14,0,5,5
16,Erangel,8,E Horaa Esports,16,0,1,1
16,Erangel,9,Nigma Galaxy,12,0,4,4
16,Erangel,10,FURIA Esports,2,6,4,10
16,Erangel,11,ULF Esports,7,1,1,2
16,Erangel,12,Team Vitality,4,4,6,10
16,Erangel,13,Godlike Esports,5,3,0,3
16,Erangel,14,AlUla Club Esports,11,0,1,1
16,Erangel,15,Orangutan,15,0,4,4
16,Erangel,16,IDA Esports,6,2,4,6
17,Miramar,1,S2G Esports,2,6,9,15
17,Miramar,2,Nongshim Redforce,10,0,7,7
17,Miramar,3,Aurora Gaming,13,0,0,0
17,Miramar,4,eArena,3,5,5,10
17,Miramar,5,Tianba,11,0,3,3
17,Miramar,6,4thrives Esports,9,0,2,2
17,Miramar,7,Team Flash,8,1,6,7
17,Miramar,8,E Horaa Esports,5,3,1,4
17,Miramar,9,Nigma Galaxy,7,1,1,2
17,Miramar,10,FURIA Esports,12,0,0,0
17,Miramar,11,ULF Esports,15,0,2,2
17,Miramar,12,Team Vitality,4,4,6,10
17,Miramar,13,Godlike Esports,14,0,1,1
17,Miramar,14,AlUla Club Esports,1,10,12,22
17,Miramar,15,Orangutan,16,0,2,2
17,Miramar,16,IDA Esports,6,2,4,6
18,Miramar,1,S2G Esports,15,0,0,0
18,Miramar,2,Nongshim Redforce,9,0,2,2
18,Miramar,3,Aurora Gaming,7,1,5,6
18,Miramar,4,eArena,5,3,4,7
18,Miramar,5,Tianba,1,10,9,19
18,Miramar,6,4thrives Esports,11,0,5,5
18,Miramar,7,Team Flash,4,4,3,7
18,Miramar,8,E Horaa Esports,3,5,6,11
18,Miramar,9,Nigma Galaxy,12,0,0,0
18,Miramar,10,FURIA Esports,6,2,0,2
18,Miramar,11,ULF Esports,16,0,1,1
18,Miramar,12,Team Vitality,2,6,10,16
18,Miramar,13,Godlike Esports,14,0,6,6
18,Miramar,14,AlUla Club Esports,8,1,2,3
18,Miramar,15,Orangutan,13,0,4,4
18,Miramar,16,IDA Esports,10,0,3,3
